Workbook

Sheet KHO
A1: STT | B1: Loại vật chất | C1: Số lượng | D1: Nhập | E1: Xuất | F1: Tồn kho | G1: Thời gian mượn | H1: Người mượn
A2: 1 | B2: Cuốc BB | C2: 9 | F2: =C2+IF(D2="",0,D2)-IF(E2="",0,E2) -> 9 | H2: {=IFERROR(LOOKUP(2,H41/((NHAT_KY!B:B=B2)*(NHAT_KY!C:C="Xuất")),NHAT_KY!E:E),"")}
A3: 2 | B3: Xẻng BB | C3: 22 | F3: =C3+IF(D3="",0,D3)-IF(E3="",0,E3) -> 22 | H3: {=IFERROR(LOOKUP(2,1/((NHAT_KY!B:B=B3)*(NHAT_KY!C:C="Xuất")),NHAT_KY!E:E),"")}
A4: 3 | B4: Nẹp 1m8 | C4: 16 | F4: =C4+IF(D4="",0,D4)-IF(E4="",0,E4) -> 16 | H4: {=IFERROR(LOOKUP(2,1/((NHAT_KY!B:B=B4)*(NHAT_KY!C:C="Xuất")),NHAT_KY!E:E),"")}
A5: 4 | B5: Nẹp 1m4 | C5: 6 | F5: =C5+IF(D5="",0,D5)-IF(E5="",0,E5) -> 6 | H5: {=IFERROR(LOOKUP(2,1/((NHAT_KY!B:B=B5)*(NHAT_KY!C:C="Xuất")),NHAT_KY!E:E),"")}
A6: 5 | B6: Xẻng pháo | C6: 15 | F6: =C6+IF(D6="",0,D6)-IF(E6="",0,E6) -> 15 | H6: {=IFERROR(LOOKUP(2,1/((NHAT_KY!B:B=B6)*(NHAT_KY!C:C="Xuất")),NHAT_KY!E:E),"")}
A7: 6 | B7: Cuốc Pháo | C7: 7 | F7: =C7+IF(D7="",0,D7)-IF(E7="",0,E7) -> 7 | H7: {=IFERROR(LOOKUP(2,1/((NHAT_KY!B:B=B7)*(NHAT_KY!C:C="Xuất")),NHAT_KY!E:E),"")}
A8: 7 | B8: Mặt nạ Phòng độc | C8: 13 | F8: =C8+IF(D8="",0,D8)-IF(E8="",0,E8) -> 13 | H8: {=IFERROR(LOOKUP(2,1/((NHAT_KY!B:B=B8)*(NHAT_KY!C:C="Xuất")),NHAT_KY!E:E),"")}
A9: 8 | B9: Kéo cắt cỏ | C9: 15 | F9: =C9+IF(D9="",0,D9)-IF(E9="",0,E9) -> 15 | H9: {=IFERROR(LOOKUP(2,1/((NHAT_KY!B:B=B9)*(NHAT_KY!C:C="Xuất")),NHAT_KY!E:E),"")}
A10: 9 | B10: Rựa | C10: 14 | F10: =C10+IF(D10="",0,D10)-IF(E10="",0,E10) -> 14 | H10: {=IFERROR(LOOKUP(2,1/((NHAT_KY!B:B=B10)*(NHAT_KY!C:C="Xuất")),NHAT_KY!E:E),"")}
A11: 10 | B11: Chà rêu | C11: 25 | F11: =C11+IF(D11="",0,D11)-IF(E11="",0,E11) -> 25 | H11: {=IFERROR(LOOKUP(2,1/((NHAT_KY!B:B=B11)*(NHAT_KY!C:C="Xuất")),NHAT_KY!E:E),"")}
A12: 11 | B12: Chổi quét nhà | C12: 15 | F12: =C12+IF(D12="",0,D12)-IF(E12="",0,E12) -> 15 | H12: {=IFERROR(LOOKUP(2,1/((NHAT_KY!B:B=B12)*(NHAT_KY!C:C="Xuất")),NHAT_KY!E:E),"")}
A13: 12 | B13: Chổi lau nhà | C13: 16 | F13: =C13+IF(D13="",0,D13)-IF(E13="",0,E13) -> 16 | H13: {=IFERROR(LOOKUP(2,1/((NHAT_KY!B:B=B13)*(NHAT_KY!C:C="Xuất")),NHAT_KY!E:E),"")}
A14: 13 | B14: Xà beng | C14: 3 | F14: =C14+IF(D14="",0,D14)-IF(E14="",0,E14) -> 3 | H14: {=IFERROR(LOOKUP(2,1/((NHAT_KY!B:B=B14)*(NHAT_KY!C:C="Xuất")),NHAT_KY!E:E),"")}
... A24: 24 | B24: Đai bụng | C24: 22 | F24: =C24+IF(D24="",0,D24)-IF(E24="",0,E24) -> 22 | H24: {=IFERROR(LOOKUP(2,1/((NHAT_KY!B:B=B24)*(NHAT_KY!C:C="Xuất")),NHAT_KY!E:E),"")}

Sheet NHAT_KY
A1: Thời gian | B1: Vật chất | C1: Loại | D1: Số lượng | E1: Người mượn | F1: Đơn vị
B2: Cuốc BB
B3: Xẻng BB
B4: Nẹp 1m8
B5: Nẹp 1m4
B6: Xẻng pháo
B7: Cuốc Pháo
B8: Mặt nạ Phòng độc
B9: Kéo cắt cỏ
B10: Rựa
B11: Chà rêu
B12: Chổi quét nhà
B13: Chổi lau nhà
... B24: Đai bụng
